,Topic,Representative Post
0,0,they are owned china
1,0,taiwan worried usa politics sorry israelite suspicious people not trust anyone say taiwan think liberal progressive narrow minded asian petite woman npd live nyc want laugh change diaper bed
2,0,let every patriot refuse purchase good made china difficult maybe type purchasing fast month allow little time fast again
3,0,stated would shut campaign went hiding pandemic like going whitehouse succeeds
4,0,always case not death level case twisted mean anything not trust anyone anymore politicized virus low get democrat
5,0,american people called politician corona virus exposed totalitarian facist among
6,0,well saidthis virus released purpose benefit china iran entire democratic party big tech medium followed using planted bogus election equipment entire group evilknew chance beat trump level playing field never underestimate far evil get waythey boundary never will
7,0,obvious far left democratic party coordinated virus china whole debacle motion evil evil evil
8,0,china make virus democrat pickup ball run agenda destroy america
9,0,hey two stooge ccp
10,0,last time sleeping giant woken dropped two nuke offender wonder emp would dropped ccp
11,0,near impossibleccp dumb fuck
12,0,make trump lose eric coomer
13,0,not sure worse chris andrew coumo make
14,0,eric coomer original old virgin
15,0,literally made think about making money big farma creating fake pandemic
16,0,love pandemic power come win win them
17,0,umm say middle age shit officially declare end pandemic now
18,0,like one russia russia russia
19,0,russian freedom navigation exercise nothing see here
20,0,russia russia russia brain washed fuck
21,0,god sake killing damn virus will
22,0,well sure caught software virus seam going around
23,0,let guaranteed there virus excuse let out
24,0,condolence family suspicious mainstream reporting ccp virus
25,0,fake medium news fake virus fake product nowadays made ccp ccp caused world war iii started fake virus ccp
26,0,ccp virus mutation not natural mutation came lab
27,0,bill barr today come guy come one indictment russian collusion hoax way speaking that democrat concerned possibility overseas interference must really upset ballot counted germany foreign place
28,0,remember though people raising issue kook russia collusionists truthtellers
29,0,funny case open shut within hour yet took year try find russian collusion trump fail are definitely question original story came shooting lie not believe original story
30,0,entire virus thought created dems ultimately unleashed not think single minute dems not human spreading thing
31,0,amazing virus always spike democrat want distraction
32,0,damn right garbage party democrat loosed virus convenient mother fucker
33,0,guess missed part survival rate math bit there
34,0,that wrong survival rate
35,0,case tiny percent may actually develop symptom survival rate
36,0,look like changing rule little side step greatest hoax history
37,0,biggest hoax world history one world order agenda like nazi germany control mass lie deceit control godgiven liberty complete future future child grandchild not okay not start fighting war lose freedom fast
38,0,seriously cannot keep hoax going agenda
39,0,clown still belief russia hoax lol many investigation come nothing give lol
40,0,would think realizes russia investigation hoax
41,0,failed see russian hoax not prepared leader pentagon would not want local dog catcher either
42,0,that funny think spy
43,0,not good spy plane seen saying
44,0,spy long not caught
45,0,hey eric not pickle kiss
46,0,not think eric did not get share
47,0,that great eric thanks sharing
48,0,swalwell used mouth position met jainping
49,0,mrlevin swallwell feinstein etal may committed treason let not skirt around issue
50,0,hope rep swalwell get tummy bubble
51,0,cdc apply secret illegal coronavirus patent fauci involved
52,0,major update pais navy patent internal email show various navy entity cleared pais apply patent basis operable interrelated patent would power propel protect hybrid air underwater craft using them field
53,0,patent aid cure that hidden year
54,1,welcome worldsokayestpilot glad part parler truly trump supporter follow content maga
55,1,welcome gaylefeaster glad part parler truly trump supporter follow content maga
56,1,welcome seniowski glad part parler truly trump supporter follow content maga
57,1,love follow told going
58,1,not forget follow back
59,1,theeditorialguru following back already
60,1,too nice meet you
61,1,nice meet you thanks doing
62,1,trying you meeting right
63,1,suggestion put parler handle twitter bio
64,1,people come parler not tweet
65,1,parler parlernews made sure share article twitter tweak nose too
66,1,expect lose lot follower
67,1,like weirdo brag follower smfh
68,1,waityour follower going sky rocket know
69,1,scary shit right never maga
70,1,got say lot folk are not maga
71,1,useless parasite trash fuck left fuck magaa
72,1,pretty disgusting got hit point spam
73,1,get new hook least spammer
74,1,guy post anal sex seems like either spam account thing work out
75,1,yes have joining too important right now appreciate leadership
76,1,different hopefully able join soon
77,1,joined would major following
78,1,psycho conspiracy momenti parley catching take callwhen returned ipad could not get back parleyit kept opening pinterest suddenly like ten try realize hitting pinterest button all damm app sure look like yours phew
79,1,exactly heard google already pulled parler google playstore
80,1,verified parler longer available google play
81,1,sarah signed too mallmanjurk
82,1,sarah almost fell chair read this went guy website last post made appears december see nothing referencing one link find this information others
83,1,sara looking forward seeing great post here
84,1,daffy duck tinker bell fantasizing administration
85,1,either every man sindey stand next midget miss sid got gots really big duck barbarian conan sum gun
86,1,look like duck quack like duck foreign interference election
87,1,yay glad you are here
88,1,welcome look forward posting
89,1,welcome glad finally here
90,1,really need really block busting good news wwg wga
91,1,fight draw last breath wwg wga
92,1,ohh mannway joe for wwg wga
93,1,google blocking damn fascist bastard
94,1,google blocking platform wth
95,1,google keep intercepting link
96,1,qualifies check fact checker
97,1,say not fact not confirmed fact checker credential fact checker overly qualified said position
98,1,not worry fact checker here hell usually edit duzin time get ryte
99,1,tell ricky get parler
100,1,parler hate tonight good night thanks fun
101,1,win parler today nice
102,1,need maga party now
103,1,new third party maga party
104,1,maga party matter will slowly destroy pathetic party
105,1,you are jerk you are blocked
106,1,another block another gawd damned troll
107,1,set setting block stupid ass make like not exist need troll list
108,1,that libtards laugh mental disturbed rudi earlier
109,1,well well well like fucktard libatard lemming
110,1,glad never call libtard
111,1,still trying figure out haha
112,1,trying figure work damn thing
113,1,know man trying figure rbh
114,1,not think you will much luck troll
115,1,get real troll away
116,1,troll nothing mental case
117,1,natural source nope try again read ago
118,1,source cannot find anything stating this
119,1,pls cite source would like know true
120,1,hey mindyutz good see post parler upvoted latest uploaded parley post would grateful could give follow check collegues page massupvote take care
121,1,hey benghazibot enjoying post parler upvoted recent uploaded parley post would really appreciative could give follow visit friend page massupvote nice day
122,1,fckthenewnormal good see post parler upvoted recent uploaded post would thankful could give follow check collegues page massupvote take care
123,1,actually surprised anyone identified real trump supporter
124,1,not trump supporter this
125,1,know what even worse trump supporter
126,1,got bless leoterrell sault ste marie tribe chippewa indian agree wholeheartedly scotus stopthesteal politics fightback fraud americafirst wakeupamerica totherepublic antifaterrorists trump trump trumptrain parler bigtech freedomofspeech patriot whitehouse deepstate americafirst
127,1,bradjohnsoncia air americansforintelligencereform armenia erdogan turkey political stopthesteal china trump conservativenews independentmedia patriotnews protecttheconstitution trumptrain draintheswamp gop walkaway corruption presidenttrump conservative covid bluestateconservatives christianconservative youngconservatives donaldtrump foxnews liberty fakenews christian fiscalconservative conservativemedia spending kag kag deepstate redpill firstamendment freespeech secondamendment intelreformorg
128,1,fightfortrump trump maga parler wwg wga trump stopthesteal trumptrain usa freedom americafirst thegreatawakening covid election obamagate democrat wakeupamerica voterfraud fakenews patriot donaldtrump draintheswamp truth saveourchildren backtheblue coronavirus walkaway savethechildren deepstate potus fightback conservative republican wethepeople alllivesmatter politics bidencrimefamily china pizzagate censorship techtyrants whitehouse dominion msm liberty socialism releasethekraken treason corruption communism sidneypowell supremecourt lockdown stopthecoup frankfurt holdtheline fraud electionfraud
129,1,thanks info save time
130,1,wow really good information thank sharing
131,1,excellent info well done pas sure thank mikey
132,1,getting content available page
133,1,wish link unsealed document
134,1,link worked reboot try again
135,1,wtf google come shit
136,1,drop box not using google ever again
137,1,where dat google pretty much frozen lol
138,1,especially bother learn app duh
139,1,great still learning trying get know app better
140,1,great idea husband right not need app
141,1,downvote want fake parler troll
142,1,troll getting smashed parler
143,1,people come parler may censored platform troll come parler real satisfaction life
144,1,penny cemented place maga crowd
145,1,maga million march hypocrisy look like
146,1,ten thousand maga march
147,1,bummer cannot apple product heterosexual
148,1,screw apple people bigger stick together not buy product not support way
149,1,get different product not apple product
150,1,join parler president trump
151,1,someone tell trumpnto come parler
152,1,well say president parler alive well jump water fine
153,1,little different take getting used showing following
154,1,welcome take bit getting used never dull
155,1,welcome take little getting used great among friend
156,1,parler junkie experiencing technical difficulty posting receiving perpetual error message
157,1,parler major technical issue keep getting unable load error anyone else
158,1,john bolster server now world know parler cannot handle load new arrival please tell help way getting top this achilles heel right now
159,1,hey parler fam iphone ask siri old president prepare stunned leave comment
160,1,please get phone ask siri how old president get sick
161,1,ask hey siri old president
162,1,here need patriot move parler
163,1,fuck bastard patriot trump lost back live squalor parler worst people
164,1,echo want president trump join parler
165,1,alaskan anyone would say honest comment ignorant one
166,1,got alaska start grinding liar trump wewillfighttotheend
167,1,really pray alaskan know talking about seen post not well done refuted hope accurate
168,1,not yet not prick
169,1,well not double bigger asshole original were
170,1,prick lost mind devil damned
171,1,download duck duck searchi not mean disrespect allbut please learn educate
172,1,dropping hint year really not one tell not know enough parent follow know find duck duck search engine whatever download duck duck app store hopefully someone else give better specific
173,1,article conservative beaver pope francis arrested count indictment child trafficking fraud reason blackout duck duck search engine
174,1,see parley minute ago
175,1,starting get knack parley
176,1,you prefer read since until found parley
177,1,fear know you are troll back twitter nazi
178,1,eat shit troll back twitter
179,1,troll back twitter guess cheater think that
180,1,course facebook fact checker call false news
181,1,tim like facebook fact checker
182,1,everyone delete fact checker facebook
183,1,need see this shareshare share
184,1,share share share leighdundas
185,1,somehow not let share going show get never give get thank sharing
186,1,need hashtag set hashtags regional struggle monarch
187,1,find hashtags not even matter personally
188,1,blacklabelandcoke hashtags get know people
189,1,everytime try open article google sends kind congratulation winnerthen next time porn going
190,1,google let watch video block google search congratulation tried second time blocked video porn
191,1,every time try open video get blocked google advertisement repost
192,1,fact said better myself
193,1,wow many many people not know fact
194,1,definitely fact everyone know
195,1,spare weepy rhetoric not buying anyway
196,1,sound like political rhetoric
197,1,asking rhetorically right answer obvious
198,1,truly idiot website fine response join overwhelming
199,1,like site lot better
200,1,site need get shit together
201,1,earth mean soon done processed
202,1,absolutely sum humanity earth right now are
203,1,earth keep job possible
204,1,trump become billionaire chump chess master world board waiting make calculated move
205,1,must like trump said campaign trail got sick winning they are going way part dimensional chess thing
206,1,yes president trump master chess player left play checker
207,1,quentin tarantino said want stop holocaust plan georgiaguidstones child trafficking china covid need kill bill bill gate bill clinton bill price iii bil bar also kill uncle buck anyone last name buck work nasa get done kill larry cable guy larryking curiousgeorgewbush blood crips mongol hellsangels truckersfortrump vetsfortrump teamtrump qanon qanons maga hobowithashotgun truckerswithshotguns mmib snipersfortrump teamtrump trumpmeninblack ladyterminator ivankatrump hickswithsticks pickuptruckboys teslaaliens easteraliens crankykane gorgoroth killabeez hitman hobbykilling trophyhunting hunting buckshot hunter cabalmeat wildgame naziscalps scalphunting scalpel die nazi son bitch tarantino
208,1,kybuffalowing kubrick cuebrick qqq biden not president called defence force idiot deadman wanted whole army vet navy marine anything jail safe fresh oatmeal maga qanon hellsangels hellsangels teamtrump ivankatrump ladyterminator kanyewest wutang publicenemy truckersfortrump killabeez trump kag tesla elonmusk crankykane mongol blood crips mafia themob navyseals lewwasserman joeydiaz jordansather thesaints gorgoroth coastguard sugeknight newarksaints thewhitehouse trumpfamily spaceforce leresistance kayleighmcenanyviviankubrick generalflynn elliebee proudboys disrespecting american think twice next time will not next time maga love army respect smarter like jesse ventura jesseventura aceventura ace aceofspades aaa
209,1,coincidencesjust gambit global stage queen rook pawnwe need stand fast president prepared sacrifice life fortune sacred honor republic way came didlet worthy star stripesred blood spilled water tree liberty white purity blue loyalty one another might seem corny learned grade school still feel right
210,1,glad see hope thing well you
211,1,well hope thing well here
212,1,hello there hope guy well
213,1,well said thank you brother
214,1,guess saying thank appropriate
215,1,that said thanks number back statement now rock
216,1,not know work yet either
217,1,not sure work yet may need class lol
218,1,not sure work lol
219,1,hardly click bait get view though guess
220,1,click bait site nasty nastiest
221,1,first post seen openly state aggregated way many clickity clickity bait watch videobut guess doozy
222,1,want install app not available country reason doe not work vpn well
223,1,vpn bounce around unless ban vpn server depending vpn hundred not thousand create new multiple account really want chain proxy want vpn openvpn free create vpn
224,1,may need vpn switch country switzerland like did view banned yes banned
225,1,you amendment trumplandslide redpill maga stopthesteal landslide votered thetruthwillsetyoufree truthbomb chinavirus plandemic
226,1,trump trump joebiden maga usa patriot electionfraud fraud votingfraud arizona georgia pennsylvania nevada michigan wisconsin qanon digitalsoldier jesuschrist government covid chinavirus philadelphia stopthesteal china wwg wga draintheswamp cnn fox
227,1,stand tall slavery people united state state america election fraud marxist democratic party supported communist switching vote dominion voting system smartmatic software sending american citizen vote outside united state tabulated switched marxist harris biden ballot representative marxist democratic party
228,1,cannot get telegram leave country usa cannot get one idea help
229,1,download telegramand join chatdo not real name since attack beliefsalso change setting noone see personal information ceo apple pissed what app competition user join chatroom talk others share value
230,1,telegram recommended several people good option
231,1,lmao best cartoon yet
232,1,correction modern american cartoon trash
233,1,comic like make people make own weirdo acted like suck resorted smear
234,1,play chess play checker
235,1,play chess play minor
236,1,not interested chess agree comment thought thing
237,1,greeting upvoted parley post would really thankful could give follow ambassador massupvote interest grow parler page send direct msg massupvote click webpage url bio information
238,1,upvoted parley post would thankful could give follow ambassador massupvote interest grow parler account send massupvote click webpage url bio information
239,1,hey there upvoted post would really thankful could give follow ambassador massupvote interested grow parler account send direct msg massupvote click webpage url bio info
240,1,thanks much echoed following
241,1,following echoed thanks moonifbap
242,1,thanks tod followed echoed
243,1,another way download app google play store not someone may want figure way broadcast out
244,1,cannot find clouthub app store anymore
245,1,apks filename android apps
246,1,sorry heather that not said
247,1,thanks heather looking forward trying out
248,1,heather two lesbionic clam
249,1,sterre think insulting without hearing explanation correct
250,1,going immediately insult confirm post
251,1,term rino like trotsky major insult
252,1,not interesting tell know
253,1,need updatewhat going tell
254,1,well now not interesting
255,1,not reach twitter million follower
256,1,thanks twitter link denied access account today zero follower zero following musta target
257,1,twitter blocked account took follower following away
258,1,know open road come america
259,1,power will not open country open ourselves
260,1,not want damn check open country
261,2,sick that face new evil democratic demon process party associate like fox news give murderer award killing ppl sick evil
262,2,alexandria ocasiocortez lash democratic party hint quitting politics theblaze
263,2,true dem ment remark republican
264,2,resistor too let get going
265,2,damn right amen resist resistresist
266,2,never idea resist mean movement tried butt fuck million without common courtesy offering lube reach around yep sore resist button pushed
267,2,never give like rhino
268,2,get rid rhino sick crap maga candidate
269,2,president trump alone people need start voting rhino course getting fresh face fresh mind replace them rhino must
270,2,left rino message blocked
271,2,need removed damn rino
272,2,rino appears single important issue keeping job american citizen secondary importance
273,2,manchin always buckleshe say moderate get reelected medium attention kind sad really
274,2,manchin wreak kneed slug look way party destroys country
275,2,think maybe sen joe manchin may switch party independent dems left base
276,2,telling gop figured fraud hearing neededwhere november lol
277,2,fraud thoare not right repadamkinzinger already looked sure gop republicanparty
278,2,yah right ignoring fraud chance republican win waste money
279,2,mikey not owned anyone not coward
280,2,let hope coward hear case
281,2,true spinless coward almost them
282,2,democrat conspired american people think everybody stupid time give money back provided service because volume social damage
283,2,pay fine income democrat have not thought far ahead
284,2,one thing democrat stick together republican sell sol power money
285,2,mean yet another disturbing statement paul ryan
286,2,paul ryan work board member something like that asking friend
287,2,paul ryan running now going drain
288,2,patriot largest political party country
289,2,plan register again know patriot party not form remember correctly write affiliation used registered right life
290,2,true story that need patriot partyneither red blue red white blue
291,2,rand paul told them like today
292,2,crazy rand paul want save republic
293,2,thank rand paul follow happy new year need help jan
294,2,tmaga got work sixteen hour drive wisconsin vary excited
295,2,hope soplease wisconsindo right thingfor americatrump
296,2,judee kept agreeing everything you said realized fellow wisconsinite went that why
297,2,ball lot republican politician male
298,2,republican politician need grow set ball stand scum bag
299,2,letting asshole destroy country republican senator republican house representative ball backbone
300,2,know someone ball need speak truth
301,2,dude ball will give
302,2,yes finally someone ball
303,2,hey read today date history tea party actually took place tara ross com
304,2,bet wished tea party active
305,2,need return tea party
306,2,you urge you want you still getting punked period
307,2,hell punk need stopped
308,2,think take punk down
309,2,see one spine one without
310,2,high school kid showing spine good them
311,2,self little men back bone want spineless
312,2,there shady people high place
313,2,suspected shadybuti gave benefit doubtnever again
314,2,are shady one day
315,2,course did slimeball also get away shit
316,2,fair play hunter slime ball
317,2,knew along slime ball
318,2,conservative christian living dem run state complain later drag house genocide left long time ago leave greener pasture late already not
319,2,exactly right democratic run state thing actually seem enjoy power play
320,2,say democrat run state
321,2,and sell out grow pair
322,2,still need grow pair lol
323,2,need grow pair already
324,2,wow may rot hell
325,2,bring down hope rot hell not affect president trump affected million ppl well scum earth
326,2,sorry bitch rot hell bastard
327,2,yet republican asked vote saying president move seriously forget voter you are elected not need them good luck next election
328,2,trying discourage republican voting run off wood true angle smell rat many red flag
329,2,never voted democrat first time ever voted republican shall never vote democrat ever
330,2,love tulsi please not give keep speaking truth
331,2,that dem respect tulsig
332,2,tulsi right wise word
333,2,worse nightmare course want out
334,2,soon what need know nightmare today
335,2,thanks sharing disturbing enough give decent person nightmare people need know
336,2,tweet wisconsin election certain county heading recount price tag million dollar
337,2,inside look wisconsin center prepped milwaukee county recount
338,2,president trump pay million fee recount wisconsin
339,2,they are working others besides american
340,2,american wouldntwant job need learn code hear excuse now
341,2,too work american know know obligated
342,2,trump need say ball know know let call
343,2,nobodyatalll nah ball remove sitting president try end dead
344,2,make one wonder basketball slinky appears presidential
345,2,went wisconsin election website looked voter registration statistic nov registered voter wisconsin
346,2,former wisconsin governor say voter registered
347,2,postal subcontractor told ballot wisconsin gathered november postdated election day
348,2,rico act dnc leadership laundered criminal organization way long traitor american people
349,2,sound like helluva lawsuit got complete rico component
350,2,that right charging rico
351,2,paul please let fact get way leftwing lie
352,2,know are not john paul second
353,2,come paul want know really feel
354,2,think would easier deliver unicorn
355,2,johnfromamerica sure there fairy tale explanation everything fictional book absolutely hilarious believe
356,2,belief sky fairy debils
357,3,police ignored him knew antifa present obvious allowed antifa attack capital
358,3,meant antifa infiltrated patriot right
359,3,yes flight attendant heard antifa thug telling wear trump cap backwards could recognize other
360,3,not peaceful protest stop now
361,3,well let peaceful demonstration back yard
362,3,see pain protester eye mostly peaceful protest
363,3,james brown parallel universe
364,3,people live different universe matrix glitching
365,3,alternate universe hail from haha
366,3,terrorist taken like bin laden
367,3,start putting terrorist down fight
368,3,taken like terrorist are
369,3,knew coming white people united blm wonder they are feeling mow guess chose wrong side
370,3,blm stupid racist moron group
371,3,blm keep singing poor oppressed life
372,3,let give day fuckin thug
373,3,thug come colo spgs kick
374,3,jamaican taking wise approach
375,3,yes know good who bad who peaceful who not
376,3,peacefully possible not necessarily
377,3,well said end state create peaceful society
378,3,were not rioting blind demented
379,3,tell need know behind riot
380,3,could wrong please correct did not see weapon rioter
381,3,run wild street looting destroying city wtf
382,3,heck would burning looting country
383,3,hell talking about burning looting year
384,3,else seen amazon original series utopia damn talk ironic timing
385,3,nah man democrat utopia working perfectly democrat voter working like this end all
386,3,look like time true cult form trump remote area south america form weird version utopia
387,3,always thought biden antifa buddy
388,3,yes fellow antifa member successfully registered voter could put comrade biden
389,3,yeah people antifa com take joe biden imagine
390,3,domestic terrorism arrest mutherfocker mutherfocker name ned stabler
391,3,need arrested charged threat america cannot stand socialist garbage
392,3,arrest terrorist watch stop
393,3,wow tin foil hat little tight today
394,3,that way way there know there lot thing wedont know that serious tin foil hat shit would not around saying without sort proof
395,3,nobody guy accidentally crossed tin foil hat alien brain implant chemtrail day picked fema elf feed
396,3,someone knew tipped local true
397,3,everyone know tip doe not count
398,3,did not pay full tip twice ordering takeout twice one nothing
399,3,tip iceberg hundred possibly thousand
400,3,many gitmo hold tip iceberg
401,3,precious aocshe clueless captain ship fool watch iceberg water know big ice cube see
402,3,worry white hat get eventually
403,3,find answer questionis penny white hat black hat
404,3,white hat black hat question
405,3,idiot people stormed wall institution people created havoc vandalized property assaulted law enforcement several community across country since may not lecture lawless event took place today antifa blm burning city heard cricket well orchestrated antifa blm disguised pro trump supporter hub seen video invited building well done libtards patriot count fight back needing take out bring karma come back you double barrel you people fully aware cheated november may believe curl ball whimper that not happening know traitor cockroach get caught particularly pelosi schiff schumer sasse romney many others truly traitor
406,3,american protesting street leader community organizer unionswe veteran patroits benefited trump presidency cricket shameful fair weather friend coward allowing country stolen
407,3,dude find safe space trump supporter always peaceful also need start list police officer killed injured left wing thug terrorist aka blm fing summer shut damn mouth stop hypocrisy wake hell
408,4,let pray people denmark not passed
409,4,let pray info come quickly foreign interference dems
410,4,praying country please save republic
411,4,hope making rapid recovery
412,4,sending get well wish speedy full recovery
413,4,best wish surgery praying quick recovery
414,4,someone dismantle head shoulder
415,4,wow strap barely stay her massive shoulder
416,4,alan funt looking shoulder
417,4,love this god bless america
418,4,wow show god bless america
419,4,absolute best need there god bless america
420,4,prayer work almost like god their
421,4,that exactly have thing praying
422,4,hope feeling praying you
423,4,good thing will not
424,4,not still anything say will
425,4,maybe know will not
426,4,decade ago learned principle rush limbaugh
427,4,rush limbaugh would great too
428,4,limbaughs likely last christmas monologue rush joe biden reject negative dark message
429,4,hallelujah truth prevail thank wood
430,4,hallelujah wish known sooner would take
431,4,hallelujah next need vote gov wolf
432,4,always enjoyed program rush
433,4,never doubt rush legendquite possibly goat profession
434,4,emotional listening rush one great patriot long run love rush
435,4,yes doe god bless president trump god bless united state america usa usa usa
436,4,big news god bless donald trump
437,4,god bless donald trump chosen one
438,4,karen confused nice patriot kommunist friend weather havana
439,4,karen going get beat
440,4,ill take shit never happened karen
441,4,family god bless yours
442,4,nice see here may god bless family
443,4,god bless family time take scum
444,4,that great see prayer family
445,4,sry hear that prayer family
446,4,great praying mrphil thank raising great family inspire others follow jesus
447,4,yes please lord thank amen
448,4,yes amen brother amen
449,4,amen have enough insanity
450,4,answered prayer thank patriot
451,4,done praying father patriot antonio sabato
452,4,please keep praying patriot need prayer daily
453,4,hell they will put chip
454,4,not open cell let chip fall may guy worthless
455,4,agree let chip fall may maybe american people finally answer shenanigan last year
456,4,god bless him deserve treated way
457,4,yes god bless him
458,4,sir may god bless every one
459,4,big league politics not shane trejo released detroit leak major champion right there thanks bringing ellie
460,4,elliebofficial report said well
461,4,still ellie thanks update blessing
462,4,thank you god bless
463,4,thank you god bless you
464,4,thank that god bless you
465,4,like state love god bless idea amen
466,4,spoken byjc line ever crossed blessing you
467,4,too spite everything blessed
468,4,amen fighting good fight
469,4,fight thanks bold beautiful conservitives thank you god bless
470,4,fight good fight amen
471,4,obviously not know god tender mercy look king david
472,4,thought sick sombitch show mercy pervert
473,4,fuck mercy may burn hell deed
474,4,should not happen job proved dominion machine changing vote trump biden bidenharris never president voted american people prayer her
475,4,pray president biden thx
476,4,still praying biden pick never make office
477,4,always remember dissident never thing truly safe space never
478,4,think need safe space
479,4,crashcoreentertainment baby need safe space
480,4,boom got knocked next week
481,4,zoomers chained boomer eternity
482,4,boomer know give fuck idiot kid real life experience say
483,4,praying end justice served never forget
484,4,prayer warrior justice coming keep praying
485,4,not dream justice pray
486,4,songdog neither sir stay safe
487,4,thank you stay safe
488,4,stay safe god you
489,4,keep good fightand pray without ceasing
490,4,love trying relying god pray win battle
491,4,praying without ceasing great warrior fight again fight him
492,4,not follow everyone know there strength number
493,4,let add least day end saying goesthere strength number
494,4,reading youversion plan finding strength midst trial check here
495,4,deeply saddened recent action mike deepest sympathy lost thier life suffer injury youlive lousy decision
496,4,deepest sympathy family friend sorry loss
497,4,omg sad awful deepest condolence family shot friendly fire
498,4,yes let dec please jesus name amen
499,4,yes fuller knew god help name ask amen
500,4,name jesus christ stand complete utter agreement you amen
501,4,yes irony alert kind though like selfish disrespectful deceitful hypocrite alert
502,4,irony consider biden real supremacist along
503,4,biggest irony life accomplish good dimwit courage trembling genius
504,4,praying victory people stand
505,4,bless you let keep praying declaring victory
506,4,thought victory prayer you
507,5,that not spell proud boy dan
508,5,well that proudboys want nice sausage
509,5,proud boy mopping need
510,5,hughjideot try little harder little girl
511,5,people sick bias hate ugly would hate live life hating every thing every one
512,5,welljust saying little girl
513,5,you all patriot going
514,5,never patriot never moved fat prosecute hillary others
515,5,glad self minded patriot
516,5,believe you thank brave
517,5,yeah harrowing brave fellow
518,5,brave young man say
519,5,know wellthank true courage welcome fight
520,5,someone courage right thing
521,5,courage colleague put together
522,5,look like posted learning curve
523,5,welcomewe definitely little learning curve
524,5,learning curve sure need assistance lol
525,5,yeah really proud leaving american suffer decision
526,5,two guy make proud american
527,5,proud american say that
528,5,jim going unfollow unless start giving post title
529,5,agree going unfollow him many false statement
530,5,unfollow rest people need know posting not fun are trying survive nation
531,5,not worry man behind curtain
532,5,nothing see folk business pay attention man behind curtain
533,5,not pay attention man behind curtain wizard
534,5,would not surprise see coach american hero
535,5,good him true american hero
536,5,real hero american proudly remember name
537,5,amazing much stuff like there much money not try make look like hero fooled lot people not them
538,5,that wrong better say man hero
539,5,hero one stand right
540,5,patriotpaul said said appear conceding keep biden people happy listen last statement again
541,5,sorry self respecting america first patriot going live biden fake presidency
542,5,much bullshit biden never president patriot without country
543,5,proud boy going jail sound good
544,5,course cop sprayed pepper spray proud boy face
545,5,cop there let proud boy them
546,5,would not surprised that something dems would paint patriot unhinged
547,5,backed patriot not stand down end democrat
548,5,absolutely spot patriot dems stop nothing
549,5,thank brave men womenfor stepping
550,5,brave woman applaud courage front line
551,5,brave woman endure double mastectomy hardship life jake tapper justnothing
552,5,kimmykesler thank kimmy problem time taken opportunity lost pretend men character really make nobody trusted right thing
553,5,she young keep going kim
554,5,kim get back january trumpos jumpsuit colour face
555,5,you are absolutely right blind are there saying prophet not prophet land not know have
556,5,hilarious tragically prophetic time
557,5,middle name prophetic unsuccessful prophetic
558,5,remember trump hid bunker
559,5,lol yeah thought president better accommodation want back bunker
560,5,redtractorman bunker boy trump
561,5,never give never give never give
562,5,behind you remember never give never give
563,5,god bless you live life never give
564,5,yup think that around corner
565,5,standing corner actually accomplish
566,5,bitch talking think scare fuck dirty bitch got plenty enough hold corner
567,6,megyn kelly still narcissistic fraud originally thought
568,6,vowed never forgive megan kelley yet trying advance career putting trump really backedfired her
569,6,boggles mind outlet sudden trying make megyn seem legit terrible forget trashing trump blatant bias debate stop interviewing her
570,6,hey pennsylvanian share title anyone georgia completely effed they are mere corruption rank
571,6,wow well guess dems win again agree stupid georgia really going allow voting system really not care right front all people georgia need demand not happen anyway
572,6,georgia time take back state hold tribunal every single elected official traitor injustice system
573,6,could recount mean might actually control house
574,6,like night election probably good guy around recount either
575,6,yes especially one possibly trump winning recount done
576,6,recount need need audit
577,6,recount audit precise could either change election outcome news
578,6,screw recount get audit
579,6,little weasel dick need occupy room hotel gitmo
580,6,that wiesman weasel need calling
581,6,dirty rotten weasel jamescomey
582,6,loeffler perdue call fox
583,6,loeffler did not hold either unbelievable
584,6,who next perdue loeffler
585,6,watched perdue lose vote
586,6,nobody concentrating possibility illegal vote trump also could illegal vote ossoff perdue may gotten runoff required him
587,6,two diff video live feed runoff vote switched perdue ossoff far
588,6,doug collins may cheated well
589,6,doug collins robbed think fraud back well cannot figure would lost unless good too
590,6,wondering many changed collins definitely did not want senate
591,6,man man would great found won believe anyone would vote dead eyed creepy kelly
592,6,kelly not trusted secure seat deal later
593,6,many beer kelly ann got down geesh
594,6,jenny warrior twitter greg kelly said watch newsmax listen rush real news love show twitter
595,6,love love love greg kelly
596,6,here video greg kelly
597,6,ducey likely mortgage paid traitor
598,6,ducey need training guy
599,6,joined doug ducey signed that
600,6,vote stole purdue real time
601,6,love truth keep bringing loved president calling loeffler leffler georgia rally noticed purdue did not much say pretty sure hear fightfortrump loud clear
602,6,kelly loeffler david purdue there said word
603,7,nahjust rope know manyhorriblehorrible
604,7,are not bugged eyed muderfukker end rope
605,7,giving enough rope love
606,7,hangin not going way goin damn way
607,7,hear you hang not lie downits not over
608,7,not hang people done
609,7,exactly never miss chance surrender
610,7,scottbaio never give never surrender
611,7,never quit never surrender never give
612,7,better yet obama need hung treason terrorist enemy
613,7,obama prosecuted executed treason beloved country
614,7,stated earlier obama executed treason country
615,7,exactly fact sitting jail treason
616,7,want people hanging treason true
617,7,yes please arrest treasonous activity
618,7,imagine senile dementia ridden fool biden trying negotiate america behalf
619,7,joe biden putting dem dementia
620,7,biden corrupt even dementia
621,7,much going behind scene everything foreign interference
622,7,see cisa folk said foreign interference got fired
623,7,finally evidence russian interference selection
624,7,else criminal called dems
625,7,democrat ever punished crime
626,7,dan not find hard believe all democratic party ruled criminal
627,7,domino going start fall
628,7,anyone game chin domino lol
629,7,domino starting fall demorats
630,7,should not considered election interference
631,7,say election interference outside entity voting machine
632,7,america steamrolled guy election interference
633,7,involved criminal activity organization crime leaderis time prosecute him
634,7,hope man prosecuted fullest extent law prosecution guilty supposed serve deterrent not yes
635,7,hope convicted regardless result make example them
636,7,note stone building alzheimer defense already
637,7,dementia piece truth plan along
638,7,yes dementia front center day keep narrative alive
639,7,what joe dementia joe owe getting debate barely
640,7,national security threat dementia joe
641,7,wheel chair walker parade old folk home dementia joe appropriate
642,7,named defendant yet charge pressed therefore discovery produce defendant
643,7,true still discovery building case excellent
644,7,sure defendant chomping bit get discovery phase
645,7,are not til over keep swinging away
646,7,going look pretty sad embarrassed swinging noose
647,7,cannot wait see swing
648,7,make death penalty great
649,7,death penalty lockdown crime humanity dark age
650,7,death penalty much ask
651,7,voter fraud considered treason treated such
652,7,voter fraud treason justify
653,7,individual involved voter fraud tried convicted treason
654,7,want know too make public
655,7,that sad love puttingit public see
656,7,want say public ewwww
657,7,cannot wait real voter ballot cast show president trump fair square
658,7,please trump not win lost fair square
659,7,stop spewing alternative fact trump lost fair square
660,7,declassify everything president trump general flynn now
661,7,declassify information them blaze glory
662,7,let tell democrat republican want invoke amendment not want president trump declassify information declassifyeverything
663,7,even attacking child need hung public square
664,7,way past time bring back public hanging people front line
665,7,yes agree hang public see
666,7,swing state not certify election result viewer shocked heard politician seated were not part voter fraud pure solely intent changing anything
667,7,lost would make statement hundred affidavit every swing state stating voter fraud evidence presented front legislative committee swing state lost would make statement politically motivated
668,7,election not certified state let alone swing state fraud many law broken illegal
669,7,treason dealt military tribunal catch not release take back usastrong
670,7,two traitor apprehended judged military tribunal executed treason
671,7,impeached arrested face military tribunal treason yes
672,7,waste time biden fair square
673,7,funny still finger ear hand eye believe nonsense even biden get away this winning fair square
674,7,trump issue statement medium declare biden winner election daily wire
675,7,guilty look like right concerned
676,7,look fucker know guiltyguiltyguilty
677,7,innocent tell looking herlol
678,7,hang racist bitch treason
679,7,nott bitch tried treason
680,7,she lying sound better real reasonthe insurrection act imminent hagass tried treason
681,7,done democrat getting away murder literally
682,7,democrat not care murder
683,7,that funny hell going anything hunter not one democrat investigated republican not ball let democrat get away murder literally
684,7,need have custody year
685,7,never fault police blame wife never get custody kid
686,7,that will hushed supporter remain custody
687,7,federal register imposing certain sanction event foreign interference united state election
688,7,guy going said cleaned foreign interference election
689,7,head day election believe true trump signed foreign interference election back have already confirmation court soldier monitoring tracking everything fyithere lot cybercommandslots
690,7,firing squad cannot let grow
691,7,made choice firing squad
692,7,god love firing squad
693,7,already know truth would love able read declassified file myself
694,7,want know potus declassified document real kracken released
695,7,please president declassified everything
696,7,need proven traitor moba tree good rope
697,7,worst corrupt traitor good thing will rope ready
698,7,need see swinging rope every single person sided constitution traitor must executed such
699,7,heard executed already along many others
700,7,true want execution televised
701,7,are going need executioner
702,7,cure democrat party dnc cohort excepthangman loose treason
703,7,treason not republican coming democratic party
704,7,mean democrat party treasonous foreign entity
705,7,enough enough declare marshal law get
706,7,fed marshall enforce law
707,7,time president trump call marshall law stopthesteal
708,7,agreed military controlled revote swing state
709,7,thought always intended swing state end scotus
710,7,every swing state demand this not country move forward
711,7,village idiot lying corrupt individual
712,7,did not yes reveal village idiot
713,7,every village need idiot thanks stepping
714,7,praise hero hang traitor
715,7,hang traitor although dinosaur american cannot traitor
716,7,people traitor need hung
717,7,get treason thoughwas intention constitution balance power next
718,7,headshot government betraying citizen enforcing law not follow treason traitor death justified constitution
719,7,anyone advocate type unamerican held treasonous charge clear violation constitution using fear control peoles life wrong wrong wrong
720,7,gallows work well easier clean afterwards
721,7,make gallows going need them
722,7,guess gallows need wheelchair ramp
723,7,murder rate not high enough
724,7,anybody ever charged murder
725,7,personally think charged murder death
726,7,fuck biden treasonous bitch
727,7,biden need step down treason
728,7,chance biden hung inauguration day treason
729,7,used firing squad electric chair hangingall cheaper that problem
730,7,punished local small earthquake chair
731,7,warm firing squad electric chair time activate hangman
732,7,fail stop fraud face noose treason punishable death
733,7,fuck off that called cutting deal fked treason fraud git
734,7,wonder many greedy hospital administrator arrested murder fraud conspiracy commit treason quite would imagine
735,7,find criminal evidence ask done
736,7,thank you finally heard plea dump but hell wait
737,7,could save time writtimg alleged have seen evidence prof guilty
738,7,communist need hang treason
739,7,communist niger killed try treason kill
740,7,selling country communist party longer treason there sure sign sunk
741,7,saturday december president elect joe biden still defeated trump election fair square even supreme court know trump loser president elect joe biden become president upcoming inauguration day there not single thing stop sore loser get deal enjoy
742,7,thursday december president elect joe biden still defeated trump election fair square even supreme court know trump loser president elect joe biden become president upcoming inauguration day there not single thing get deal
743,7,thank you joe biden not win turned election day november colorado trump still winning woke november trump losing million dollar question election november fake new not talk november talk november hate tell cry baby democrat trump november let see prove not true lol good luck
744,8,waste skin people are
745,8,disgrace humanity waste skin
746,8,irony two waste skin
747,8,another one using white privilege see wait
748,8,will never get rid racism forget bring every second
749,8,democrat racist still later
750,8,worry staying white house
751,8,yep keep far away whitehouse
752,8,awesomenow need position whitehouse
753,8,racistcommunist get wish biden end belongs since will abandoning everything
754,8,wow biden really calm not bit racist not think
755,8,resignation show biden racist show many video ignorant fuck
756,8,let start vetting start cleaning house
757,8,major house cleaning needed
758,8,dissolve clean house absolutely
759,8,fox showed true color
760,8,fox commentator showing true color not red white blue
761,8,sorry jim fox would truly disappointment feel personal built height defended them one one showed true color rating them ally conservative were not
762,8,sadly still many not realize effect life
763,8,assume continueon living life
764,8,get life likely cannot due melting much
765,8,portman showed true color couple year ago
766,8,showing true color again
767,8,possibly believe already shown true color not red white blue
768,8,black life matter crash north carolina polling station police officer respond pepper spray video
769,8,black life matter full swing
770,8,some black life matter
771,8,keep releasing that all alittle spray here alittle spray
772,8,make spray vomit clear across room
773,8,going start spraying going
774,8,what wrong klan rally
775,8,typical friggin jerk whole little klan elite
776,8,epitome klux klan stood for nothing traitor need removed form political office
777,8,remember house one going take
778,8,would not like house then
779,8,darn right took house
780,8,that not suspicious nothing see folk much bullshit like sit watch get angry fucked
781,8,behavior suspicious awhile many aspect
782,8,yeah there nothing suspicious that move along nothing see here
783,8,time waste pure stupid never have
784,8,complete waste money usual
785,8,big fking waste time
786,8,never bidenharris anywhere especially white house
787,8,tell option joe biden never set foot white house potus know right
788,8,biden never get white house
789,8,flatterd said give matter what
790,8,matter people know good
791,8,matter prefix still parasite
792,8,absolutelyyes got take gut put head political guillotine
793,8,imagine guillotine around head way sitting make great mental picture
794,8,waste two individual need face guillotine
795,8,bill barr george bush guy super suspicious start say thought going clean house maybe should have trusted initial instinct him
796,8,cannot clean anything long dems hold house
797,8,barr need disappointment trump must clean house term
798,8,talking kettle calling pot black
799,8,like pot calling kettle black
800,8,pot calling kettle black laugh
801,8,black friday videogame sale let gamers little corner internet away politico come visit every weekend
802,8,would like show gaming deal black fridaycyber monday
803,8,check great black friday deal going click link site wide
804,8,not clarion call revolution not know would
805,8,could not agree more want good shape possible revolution take
806,8,say want revolution get
807,8,they are worse sellout they are absolutely spineless never trumpers true color showing through
808,8,awesome trump supporter not see color see red white blue
809,8,gth jeb bush family member shown true color not red white blue rinos nevertrumpers
810,9,also switched newsmaxtv bgdart
811,9,longer news medium need called ministry information possible exception newsmax oann
812,9,what newsmax black screen
813,9,still watching fox news sleeping enemy
814,9,ditched fox went newsmax anyone else
815,9,watch fox news never did gabe national news year ago
816,9,not watch fox anymore have not since november
817,9,yeah sorry cannot fox
818,9,have not able watch fox since newt incident soros behind purchase fox
819,9,jessie patriot sad say not watch anymore hope move trump coming
820,9,love jesse boycotting fox what going them sad
821,9,jesse angel speak nightly say fine
822,9,aboundinginternational you are embarrassing heck yourself stop
823,9,breidamcdonough horrified you would disappointed embarrassed you
824,9,plus stupid understand embarrassed title
825,9,keep threatening watch happens
826,9,yes are watching every move make
827,9,always good watch periodically see far come
828,9,chris wallace much estrogen anyone watch fox news anymore
829,9,not many tune fox sure many would not watch wallace
830,9,guy piece shit lying bastard one reason there not watch fox news hack liberal hack hell you chris shithead wallace
831,9,not tell think alien lizard ppl
832,9,part reason like evil monster lizard gene friend atkeast still human here cannot say fir ashamed world spineless souless iee
833,9,sure look like lizard
834,9,never thought brian would fox puppet believe longer think himself told fox
835,9,miss fox friend cannot watch fox leaning radical left anymore god bless family
836,9,absolutely opportunity gain fox whimp out pathetic
837,9,chris wallace sell out far cry father
838,9,wonder chris wallace rating sunday
839,9,fuck cris wallace again
840,9,flipped fox last night heard say repeatedly but election official talked say fraud give break election official mon man
841,9,done fox done corrupt republican will not stand fight fraud election done
842,9,yeah fox said affect vote sound bogus doe not take week count vote going dominion crap say plus vote switchedstolen admissible court proof crazy medium asking for fox said evidence fraud hell going here
843,9,better watch quick download taken down
844,9,not possible watch zero would unwatch have seen
845,9,problem still keeping watcher away
846,9,sure would hug mean really big
847,9,suck health agency hugsnotdrugs
848,9,give marshall hug someone raised grandparent love senior always get short end stick
849,9,wow american watch them
850,9,every american need watch this
851,9,difficult watch america life support
852,9,coming theater near you
853,9,real hearing political theatre going theatre
854,9,coming more movie theatre near you
855,9,truly blessed parler newsmax
856,9,damn sean didntleave fox bending let please leave parler itsfor conservative
857,9,happy parler not reported fox bret tonight
858,9,cut cable saving month time shift medium complex back toward center hand deck
859,9,yes say act see connection hollyweird now want cut cable
860,9,not cut cable last year roku baby
861,9,turned away cnn watch oan newsmax
862,9,left fox oan newsmax watch roku realgregkelly favorite newsmaxtv show
863,9,watch newsmax oan charlie kirk youtube fox
864,9,get coupon free slice pie
865,9,pumpkin pie never get enough pie
866,9,home making peach pie celebrate
867,9,breitbart good article tonight
868,9,lack context article smell fishy going breitbart
869,9,know what going breitbart andrew would not like nope not all
870,9,national embarrassment thankfully christie never got point could shoot mouth off
871,9,chris christie suck chess
872,9,chris christie embarrassment friend like sir need enemy republican party sever mark word certain
873,9,fox looked awfully nervous election night
874,9,fox care cyber attacked election care
875,9,whole election shamwhen congress going get head sun not shine fox ityou cannot
876,9,karl rove suck george tiny little texasjackeduptruck dick bald headed rimjob mother fucker
877,9,ken starr however another thing karl rove opinion worthless
878,9,karl rove name need gravestone
879,9,chrischristie one giant lump shit
880,9,chris walrus may stroke this see concern face think
881,9,poor chris starting feel irrelevant
882,9,heard guy put charge fox used joe biden chief staff senator
883,9,have not watched fox news since election night serenade want prez biden
884,9,quit watching fox told biden won
885,9,nice trip bowel hell
886,9,not usually correct people but shit not poop
887,9,right mind touch poop
888,9,two nobody know hole ground
889,9,unfortunately hole located ohio
890,9,look prerecorded narrated hole thing
891,9,bullshit wish you would keep pie hole closed cannot even answer simple email site look act like slapped together old
892,9,shut pie hole you are not you
893,9,dumbass shut pie hole get job useless fuck
894,9,look little deeper goy
895,9,omg get deeper deeper
896,9,scum graf almost deep enough
897,9,going newsmax announces president elect joe biden won
898,9,happily leave newsmax start pandering joe biden
899,9,enjoy watching show chris concerned newsmax whole antitrump bias creeping disappointed newsmax calling candidate biden presidentelect basically ignoring alternate trump elector
900,9,believe statement proved false one fyi
901,9,extremely informative not believe second conceding
902,9,right waiting for gullible believe this might want look fact
903,9,hush juan better shut
904,9,please get rid juan
905,9,juan cannot watch show anymore him
906,9,shit hole good term
907,9,lock shit hole care
908,9,live shit hole turned into
909,9,not him cut loose
910,9,going cut people seems
911,9,got cut off originally said that thank you
912,9,knew barak bin laden involved
913,9,not osama bin ladin
914,9,thing happen both buried sea least shot bin laden first tho
915,9,right not sure anything lin might distracting press hope penny hard place conscience let one pull switch hard good guy sometimes mean losing save others
916,9,glad see others making switch
917,9,yesyesyes pull lever flup switch
